Testing..."Lex & YACC 3.4" , " " , "2013-04-30"
"MKS Toolkit 1.5" , " " , " "
"MKS Toolkit 10.0" , "2015-10-14" , "2019-07-22"
"MKS Toolkit 10.0 Patch 1" , "2016-05-23" , "2019-07-22"
"MKS Toolkit 10.1" , "2017-08-02" , "2020-11-06"
"MKS Toolkit 10.1 Patch 1" , "2018-05-29" , "2020-11-06"
"MKS Toolkit 10.2" , "2019-05-20" , " "
"MKS Toolkit 10.3" , "2020-11-02" , " "
"MKS Toolkit 10.4" , " " , " "
"MKS Toolkit 3.4" , " " , " "
"MKS Toolkit 4.1" , " " , " "
"MKS Toolkit 5.2" , " " , " "
"MKS Toolkit 6.1" , " " , " "
"MKS Toolkit 6.2" , " " , " "
"MKS Toolkit 7.0" , " " , "2002-01-31"
"MKS Toolkit 7.0 Patch 1" , " " , "2002-01-31"
"MKS Toolkit 7.5" , " " , "2003-01-31"
"MKS Toolkit 8.0" , "2002-01-14" , "2003-09-30"
"MKS Toolkit 8.1" , "2002-05-22" , "2003-11-30"
"MKS Toolkit 8.5" , " " , "2004-11-01"
"MKS Toolkit 8.6" , " " , "2005-06-01"
"MKS Toolkit 8.7" , " " , "2007-02-01"
"MKS Toolkit 8.7 Patch 3" , " " , "2007-02-01"
"MKS Toolkit 8.7 Patch 4" , " " , "2007-02-01"
"MKS Toolkit 9.0" , "2005-06-22" , "2008-08-01"
"MKS Toolkit 9.0 Patch 4" , "2006-06-16" , "2008-08-01"
"MKS Toolkit 9.1" , "2007-03-10" , "2010-02-04"
"MKS Toolkit 9.1 Patch 1" , "2007-08-10" , "2010-02-04"
"MKS Toolkit 9.2" , "2008-03-27" , "2013-01-31"
"MKS Toolkit 9.2 Patch 1" , "2008-07-22" , "2013-01-31"
"MKS Toolkit 9.2 Patch 2" , "2008-08-26" , "2013-01-31"
"MKS Toolkit 9.2 Patch 3" , "2009-07-10" , "2013-01-31"
"MKS Toolkit 9.3" , "2009-12-23" , "2010-05-14"
"MKS Toolkit 9.4" , "2010-05-21" , "2014-11-01"
"MKS Toolkit 9.4 Patch 1" , "2011-03-28" , "2014-11-01"
"MKS Toolkit 9.5" , "2012-10-29" , "2015-08-31"
"MKS Toolkit 9.6" , "2014-03-06" , "2017-06-20"
"MKS Toolkit 9.6 Patch 1" , "2014-12-01" , "2017-06-20"
"MKS Toolkit 9.6 Patch 2" , "2015-06-04" , "2017-06-20"
"X/Server 10.0" , "2015-10-14" , "2019-07-22"
"X/Server 10.0 Patch 1" , "2016-05-23" , "2019-07-22"
"X/Server 10.1" , "2017-08-02" , "2020-11-06"
"X/Server 10.1 Patch 1" , "2018-05-29" , "2020-11-06"
"X/Server 10.2" , "2019-05-20" , " "
"X/Server 10.3" , "2020-11-02" , " "
"X/Server 10.4" , " " , " "
"X/Server 8.0" , "2006-11-05" , "2008-07-10"
"X/Server 8.1" , "2007-03-10" , "2009-02-01"
"X/Server 8.1 Patch 1" , "2007-05-23" , "2009-02-01"
"X/Server 8.2" , "2007-08-15" , "2013-04-30"
"X/Server 8.5" , "2008-04-08" , "2014-11-01"
"X/Server 8.5 Patch 1" , "2008-12-05" , "2014-11-01"
"X/Server 8.5 Patch 2" , "2010-09-17" , "2014-11-01"
"X/Server 8.6" , "2012-11-05" , "2015-10-14"
"X/Server 8.7" , "2014-03-06" , "2017-06-20"
"X/Server 8.7 Patch 1" , "2014-12-01" , "2017-06-20"
